{
  "regression": {
    "Tech": {
      "XGBoost": {
        "MSE": 0.0004048634698189489,
        "RMSE": 0.019732641142478167,
        "R2": 0.3543190083709645
      },
      "LinearRegression": {
        "MSE": 0.00036988282717332,
        "RMSE": 0.018946206946838965,
        "R2": 0.4032769729046649
      },
      "HybridAttentionLSTM": {
        "MSE": 0.0004206095118078842,
        "RMSE": 0.02021602193327806,
        "R2": 0.32199391830396135
      }
    },
    "Finance": {
      "XGBoost": {
        "MSE": 0.0002610167415979366,
        "RMSE": 0.014953260193594654,
        "R2": 0.35658041520743805
      },
      "LinearRegression": {
        "MSE": 0.00022122721722633696,
        "RMSE": 0.013992762752519369,
        "R2": 0.42621041937324333
      },
      "HybridAttentionLSTM": {
        "MSE": 0.0002666599460961961,
        "RMSE": 0.01524567429594238,
        "R2": 0.3273369358399559
      }
    },
    "HealthCare": {
      "XGBoost": {
        "MSE": 0.00020011634178001566,
        "RMSE": 0.013566606996516569,
        "R2": 0.19529227627459106
      },
      "LinearRegression": {
        "MSE": 0.00016832790628220964,
        "RMSE": 0.012659628793162412,
        "R2": 0.27807011702750584
      },
      "HybridAttentionLSTM": {
        "MSE": 0.00018795668311546353,
        "RMSE": 0.013359658740694884,
        "R2": 0.20128852811480008
      }
    }
  },
  "classification_binary": {
    "Tech": {
      "XGBoost": {
        "F1": 0.7462653555509025,
        "Precision": 0.7466647179181884,
        "Direction": {
          "Down": 5355,
          "Up": 6075
        }
      },
      "LogisticRegression": {
        "F1": 0.7610684543178086,
        "Precision": 0.7613670318541004,
        "Direction": {
          "Down": 5336,
          "Up": 6094
        }
      },
      "HybridAttentionLSTM": {
        "F1": 0.7627855565311782,
        "Precision": 0.7219604815907881,
        "Direction": {
          "Down": 4555,
          "Up": 6875
        }
      }
    },
    "Finance": {
      "XGBoost": {
        "F1": 0.7439026293291693,
        "Precision": 0.7465845840900097,
        "Direction": {
          "Down": 5461,
          "Up": 5969
        }
      },
      "LogisticRegression": {
        "F1": 0.7604560025288106,
        "Precision": 0.760678866977113,
        "Direction": {
          "Down": 5395,
          "Up": 6035
        }
      },
      "HybridAttentionLSTM": {
        "F1": 0.7317584911923256,
        "Precision": 0.6998011587790411,
        "Direction": {
          "Down": 4507,
          "Up": 6923
        }
      }
    },
    "HealthCare": {
      "XGBoost": {
        "F1": 0.6904664694941463,
        "Precision": 0.6971972909149275,
        "Direction": {
          "Down": 6374,
          "Up": 6689
        }
      },
      "LogisticRegression": {
        "F1": 0.7130802738247469,
        "Precision": 0.7082978833919162,
        "Direction": {
          "Down": 6134,
          "Up": 6929
        }
      },
      "HybridAttentionLSTM": {
        "F1": 0.7046882739656268,
        "Precision": 0.6489012075269199,
        "Direction": {
          "Down": 4796,
          "Up": 8267
        }
      }
    }
  },
  "classification_multi": {}
}